79,,INDIANA LOTTO
93,,treo 700w
123,,Wrsi Riversound cafe cd
161,,Dillons/Kroger Employee Coupon ($1.25 credit)
178,,Outdoor Bag
1090,VAR,Rountech Asset 1
1205,1 gal,GIANT NATURAL MOUNTAIN SPRING WATER
1243,,CVS Photo 1-Hour 4x6 Finishing
1601,,Sainsbury's Red Pepper
2288,18 oz,Winn Dixie Hand Lotion
2745,,sunglasses
4138,100 pack,Taiyo-Yuden Value Line 8x DVD-R
4145,7.6 cm x 1.8m,Conforming Bandages
5210,,maggi
6217,1 gal,Trader Joe's 1% Lowfat Milk
7511,44 oz,Maverik Plastic Soda Cup
8570,,jewerly
9997,32 FL OZ,Down to Earth - Goji Berry Juice
10016,16.9 oz,Coupon
10023,1.3 - 2.2 oz,Coupon
10344,CD,WNCI Morning Zoo - Oops... We Did It Again!
14946,6.5mm thick - 3m roll,Florist Ribbon - Lemon Yellow
28523,,"Coupon for $1.00 off Spareribs, Wegmans Rochester"
29438,16 FL OZ. (1 pt) 473ML,Trader Joe's Energy Drink Wild Berry
40112,Variable Weight,Bananas
42215,Small,Avacados - Green
43816,1.76 oz,Altoids/ Peppermint
46268,,JICAMA
49887,1 x 8 oz,Coca Cola:Diet Coke
50340,,12057 2X72X150 POULTRY NETTING
52559,17.5 oz,Raid Ant & Roach Spray
54607,,Engizer e2 Batteries 
56731,,3/8X1.5X48 POINT LATH STAKE
56748,,3/8X1.5X48 WD PLASTER LATH
58322,10 oz (284g),Trader Joe's Dark Chocolate Covered Macadamia Nuts
61315,Paper,"Money-Saving Coupon for Walgreens One-Hour Photo Center; Process 2 rolls, get the 3rd FREE with One Hour Service Any 35 mm film or one-time use camera"
61322,Paper,"Money-Saving Coupon for Walgreens One-Hour Photo Center; Process 1 roll, get the 2nd 50%off with One Hour Service Any 35 mm or one-time use camera"
61339,,4 Way Smoothing Block Nail Buffer
61537,,"Park Seeds Tumbling Topm Tomato Seeds, packet of 20"
63425,"1,5L",Sainsbury's HOCK (Deutscher Tafelwein Rhein)
66419,,854000 LUMBER CRAYON HOLDER
68529,,Gian Eagle $5 Off seafood Purchase
72342,,WAVELINE NON/ASBESTOS SHINGLE
72359,,STRT EDGE NON ASBESTOS SHINGLE
89906,16 oz (1 lb) 454g,Trader Joe's Pacific Northwest Super Sweet Cut White Corn (frozen)
93699,,8.fHmg.C3PWDxP6Ca.
94122,7 oz.,"Original Sesame Thins, Trader Joe's"
98601,,00414 9GA GALV 50# SMOOTH WIRE
98632,,00426 12GA 50# GLV SMOOTH WIRE
98649,,00434 14GA 50# GLV SMOOTH WIRE
98656,,00442 16GA 50# GLV SMOOTH WIRE
98670,,00314 9GA 50# BLAK SMOOTH WIRE
98687,,00326 12GA 50# BL SMOOTH WIRE
98694,,00342 16GA 50# BL SMOOTH WIRE
98724,8.5 oz (241g),Trader Joe's Julienne Sliced Sun Dried Tomatoes in Olive Oil
98823,,36 1X20 50 HEX NETTING
98830,,48 1X20 50 HEX NETTING
99288,,2X1X24X100 14GA WELD WIRE
99325,,2X1X72X100 14GA WELD WIRE
99394,,36X50 2X2 HDWR CLOTH
99400,,48X50 2X2 HDWR CLOTH
99530,6 oz.,Trader Joe's Canned Crab Meat
99622,,3X3 96 PAINT METAL LATH
99936,1 LB,"Student Mix The Boy's Farmers Market, Delray Beach, FL "
102148,,CMH-4 4D MASONRY CUT NAILS
102155,,CMH-6 6D MASONRY CUT NAILS
102162,,CMH-8 8D MASONRY CUT NAILS
102179,,CMH-10 10D MASONRY CUT NAILS
102186,,CMH-16 16D MASONRY CUT NAILS
105156,,19803 4-1/2 BAR TIE
105163,,19804 5 BAR TIE
105170,,19805 5-1/2 BAR TIE
105187,,19806 6 BAR TIE
105200,,19810 8 BAR TIE
114936,1 litre,Indian Tonic Water
125628,454g (serves 4),Sainsburys christmas pudding
129725,13.75 oz (390 g),Trader Joe's Artichoke Hearts
130530,860gm,Sainsbury's 48 wholewheat biscuits
140003,,Kroger $5.00 in Free Groceries w/ $20.00 Min. Purchase
156103,547268|0|20|CD|4|35.98,CDMSIM
157148,750 ml,DOM LEFLAIVE BATARD MONTRACHET BIENVENUES
165105,16 oz.,Trader Joe's Mini Ravioli With Cheese Filling
179744,16 oz (1 lb) 454g,Trader Joe's Marinated Mushrooms with Garlic
188920,1 lb. 8oz. (681g),TRADER JOE'S WHITE CREAMER POTATOES SKU#18892
200318,16 oz.,Trader Joe's Green Protein
210805,Net Wt. 2LB 8 oz (1135g),TRADER JOE'S  RUSSET BAKER POTATOES SKU#21080
235525,5.5 Oz.,"""Trader Joe's"" Tuna for Cats"
259941,25.3 FL OZ,Trader Joes Natural Mountain Spring Water
267304,280g,Marks & Spencer Teacakes (16) Milk Chocolate
270427,907g,organic sugar
298803,,7 7X1/4 FLOAT BALL
310222,,1/2X21 T&C BLACK IMP PIPE
310239,,3/4X21 T&C BLK IMP PIPE
310246,,1X21 T&C BLACK IMP PIPE
310253,,1-1/4X21 T&C BLACK IMP PIPE
310260,,1-1/2X21 T&C BLACK IMP PIPE
310277,,2X21 T&C BLACK IMP PIPE
313452,,1/2X21 T&C GALV IMP PIPE
313469,,3/4X21 T&C GALV IMP PIPE
313476,,1X21 T&C GALV IMP PIPE
313483,,1-1/4X21 T&C GALV IMP PIPE
313490,,1-1/2X21 T&C GALV IMP PIPE
326339,11 oz / 312 g,TRADER JOE'S DARK CHOCOLATE COVERED CRANBERRIES
328807,16 oz (1 lb) 454g,Trader Joe's Blenheim Variety Unsulfured Apricots
359047,200g,Sainsburys Tomato puree
359825,12 oz,trader joe's milk chocolate mini pretzels
375016,,HG23 150W HALOGEN SAFE ++
378840,16 oz,Trader Joe's 50% less salt whole cashews
386777,,1/4 1/4X12-1/2 TIE ROD
386784,,5/16 5/16X12-1/2 TIE ROD
386791,,3/8 3/8X12-1/2 TIE ROD
394239,7 OUNCE,TRADER JOES HICKORY BARBEQUE POTATO CHIPS
395700,20 oz,Trader Joe's HUMMUS QUARTET
396417,16 oz (1 lb) 454g,Trader Joe's Roasted & Salted Cashew Pieces
413008,10ml,KOLOR juicy jelly lipgloss
416733,500g,Sainsburys Capelli d'angelo angel hair spaghetti
440172,,1036-2-12.5GA NON CLIMB FENCE
440189,,1348 2-12.5GA NON CLIMB FENCE
440196,,1660 2-12.5GA NON CLIMB FENCE
450294,26 oz (737g),Trader Giotto's Tomato Basil Marinara
459105,.50 OZ (14g),TRADER JOE'S DILL
462976,,Skywatch
476706,6.75 fl. oz.,Trader Joe's Apple Juice
492515,1 Disc,Nintendo Gamecube Multi-Game Demo Disc Version 8
500586,,Nintendo Gamecube Service Disc Version 1.0/03
501323,,Sainsbury's 6 Wholemeal Rolls
502627,15 oz(425g),"Black Beans, Organic, Trader Joe's"
503228,7 oz.,Trader Joe's Macaroni & Cheese
509886,10.5 OZ,MELITTA
524339,,73341-B 1PT PHILLIPS BIT HX SHNK
529198,,"12"" Pizza Box"
531108,8 oz.,Trader Joe's Dried Bing Cherries
531740,16 oz (454g),Trader Joe's Organic Apple Sauce
538121,9.73 OZ,Trader Joe's Super Stevia Extract
542425,64 FL OZ (1.9 L),Trader Joe's Low Sodium Garden Patch Vegetable Juice Blend
556835,,"Nintendo GameCube Interactive Multi-Game Demo Disc Version 19 - (for retail kiosks, not actually for sale)"
559195,,73339-B 3PT PHILLIPS BIT HX SHNK
562614,,WH Smith Notebook Narrow Ruled - 88 Pages
577014,NET WT. 20 OZ.  567g.,TRADER JOE'S CABBAGE WEDGES
577137,500ml,Sainsbury's Economy Cream Surface Wipe
577564,,73342-B 2PT PHILLIPS BIT HX SHNK
577571,,73343-B 3PT SHNK HEX BIT PHILLIP
578844,18 oz (1 lb 2 oz) 510g,Trader Joe's Organic Reduced Sugar Strawberry Preserves
621205,,1X2X14 STAKE
621229,,1X2X18 STAKE
621243,,1X2X24 STAKE
621250,,1X2X36 STAKE
651707,10 oz.,Trader Joe's Rich Golden Rounds crackers
653701,114 mm,Hochbordwagen Typ LOWA der RENFE (Spanien) (Epoche V)
657709,,73330-B 3/8 LONG SETTER NUT
680394,1 Ea,Whole Foods Pajama Bottom
687546,7 oz.,Trader Joe's Tuna in Red Panang Curry Sauce
689311,,TJM Ltd.  SPA Sisal Mit
705059,,1972-2-12-1/2GA NON-CLIMB
717014,4 oz (113g),Trader Joe's Coins of the World chocolate candies
768191,book 8x11  cd 5x5 1/2,Elliott Landy - the Spirit of a Generation (book & Audio CD)
772037,,Adore Boutique Wooden Trinklet Box
776998,2.12 oz (60g),Trader Joe's Lemon Pepper with Grinder 
778053,16 oz.,Schwegmann Isopropyl Rubbing Alcohol
780117,16 oz (454 g),Trader Joe's Organic Spaghetti
780544,12 OZ,"BlackBerries,Trader Joes "
784948,4 Fl. Oz.,Schwegmann White Glue 112-SCH
819534,16 oz (454g),Trader Joe's Organic Crunchy Peanut Butter
822701,20 oz.,Trader joe's Soy & Flax Clusters
840620,5'x150',Concrete reinforce mesh
841122,10.8oz,Trader Joes Milk Chocolate coated Pistachios
845809,32 oz (907g),Trader Joe's Multigrain Baking & Pancake Mix
854832,3.4 oz,Trader Joe's Sesame Rice Crackers (Savory Thins)
857963,,DCO CLASSIC PLN HORSE SHOES
870634,32 fl oz (1 qt) 945 mL,Trader Joe's Organic Low Sodium Chicken Broth
871723,24 OZ (1.5 LB) 680g,Trader Joe's 100% Whole Grain Fiber Bread Multigrain
871983,,00441 16GA 100# GV SMOOTHWIRE
873239,,hot wheels ferrari F430
900812,8 oz,dried fruit bars ends & pieces
908603,4.06 oz (115 g),Trader Joe's Savory Broth Beef
909600,10 oz (284g),Trader Joe's Coffee House Collection
910545,6 oz. 170 g,Trader Joe's Reduced Guilt Pita Chips Whole Grain French Onion
912532,,trader joe's six-bottle beverage tote
924504,6oz (170g),"Trader Joe's Nonfat Yogurt, Black Cherry"
924511,6oz (170g),"Trader Joe's Nonfat Yogurt, Strawberry"
971942,16 oz,Trader Joe's Peppermint Caramel Corn
1000016,999.00 LB,SPECIAL PERD PLT 35 CASES
1000023,585 CT,*BIN CAULIFLOWER 1.00 LB
1000078,5.30 OZ,*PATE/FOUR FLAVOR CTY COGNAC
1000092,12 ct,*PATE/FOUR FLAVOR CTY COGNAC 5.30 OZ
1000207,1 lb,*BIN CAULIFLOWER
1005943,,Sainsbury's 6 Soft Wholemeal Rolls
1025019,88.00 LB,BONE IN STRIP    *
1025064,1 ct,BONE IN STRIP    * 88.00 LB
1041071,,nikon d50
1042535,12 ct,*PINT ORGANIC RASPBERRIES 0.50 PT
1068689,150ml,solution 30 lens cleaner
1111019,1 ct,TENDER INJ. BNLS. PORK LOIN 1.00 LB
1111118,5000.00 CT,*GIFT CARD $20.00
1112009,8 ct,*APPLES W/ CARAMEL 4.25 OZ
1115741,,sainbury's Blue File
1129229,500g,Sainsbury's Organic Low Fat Yogurt
1135145,16 oz,SCHWARZ SMOKED BRATWURST
1162158,,flocked book
1170634,1 oz,Plane Ticket From Nevis for Daniel
1192605,750g,Sainsbury's Table Salt
1192926,1 litre,Sainsburys Pure Orange Juice (Smooth)
1197839,75 ml,Boots Skin clear oil free mosituriser.
1201307,12 oz,PEPSI
1201413,300g,Sainsbury's Basics Corned Beef Hash
1205008,,DIET PEPSI
1205015,,WKLY SUNDAY INSERT
1209877,,The Bouren trilogly
1210019,,PRICE AREA A INSERT
1211016,,SVE GUIDE PRICE A
1212013,,PRICE AREA A-1
1213010,,PRICE AREA A-2
1215908,20 oz (591 mL),Aquafina bottled water
1220001,4.25 OZ,*APPLES W/ CARAMEL
1235500,,starbucks
1252415,750g,Sainsbury's Vivaldi Baking Potatoes
1255362,,gas fireplace
1274080,,"Roger Penrose, The Road to Reality"
1299908,2.5 lbs,Adventure Sports UltraMax 500S&W 325GR JHP 1400FPS 500SW1
1341416,10 ct,SCHWARZ SMOKED BRATWURST 16.00 OZ
1387018,,PRICE AREA INSERT E-1
1388015,,WEEKLY EXTRA E
1418712,200g,Sainsburys basics clear fruits sweets
1423860,1 ct,HANS KISSLE COCKTAIL.MEATBALL* 5.00 LB
1423877,1 ct,HANS.KISSLE SWEDISH MEATBALLS* 5.00 LB
1424621,500.00 CT,4S WHITE TRAY
1443028,40g,Wilko Glue Stick
1464948,,Marks & Spencer - Sugar Free Coolmint Chewing Gum
1499018,,PRICE AREA A-4
1500011,,PRICE AREA A5U
1501018,,PRICE AREA B-2C INSERT
1502015,,PRICE AREA G
1503012,,PRICE AREA M
1504019,,PRICE AREA M-1
1505016,,SAV GD PRICE A
1506013,,SAVE GDE-PRICE AREA A-5U
1507010,,PRICE AREA B-2C
1508017,,SAVE AREA G
1509014,,PRICE AREA M
1510010,,SVE GD PRICE AREA M-1
1547733,,Sainsbury's 100% Fairtrade Cotton Apron
1596328,,Boots Weight Monitoring Smart Card
1708240,1 lb,TENDER INJ. BNLS. PORK LOIN
1722956,250.00 CT,7 ROSE TRAY
1855081,1 ct,WD CA PERCH FILLET FRESH 5.00 LB
1916225,,*CHANNEL CLAMP EXTENDER
1917550,5 lb,HANS KISSLE COCKTAIL.MEATBALL*
1917581,5 lb,HANS.KISSLE SWEDISH MEATBALLS*
1935615,1 ct,*(N)BRITA EMPTY RACK
1940435,1 ct,8'ETHNIC HOSIERY CENTER RACK
1940442,1 ct,8'HOSIERY CENTER RACK
1940459,1 ct,12'HOSIERY CENTER RACK
1940466,1 ct,16'HOSIERY CENTER RACK
1946338,1 ct,10'HOSIERY CENTER RACK
1946345,1 ct,14'HOSIERY CENTER RACK
1946352,1 ct,18'HOSIERY CENTER RACK
1955910,10.00 EA,LOZIER SHELF EXTNDERS
1967715,,Jergens All-Purpose Face Cream 425g/15oz
1989540,234 CT,(MOD)EDY'S ICE CR PALLET 56.00 FO
1999990,1 ct,SPECIAL PERD PLT 35 CASES 999.00 LB
2000022,400 CT,"BK/KFC STRAWS-WRAP 8.5"" 43589 25.00 CT"
2000664,LB,CHICKEN NECKS
2000701,LB,CHICKEN BREAST BNLS/SKNLS
2000718,LB,SKINLESS SPLIT BREAST
2000725,LB,CHICKEN SPLT BRST VAL PAK
2000749,LB,SMOKED CHICKEN WINGS
2000800,LB,TWIN-PACK CORNISH HENS
2000824,LB,TX WEST BNLS SKNLSS BRST
2000831,LB,TX WEST BNLS BRST TENDER
2000848,LB,TX WEST HERB/GRLC BREAST
2000855,LB,TX WEST LEM PEPPER BREAST
2000862,LB,TX WST S/W STYLE BREAST
2000879,LB,TX WEST BNLS BREAST STRIP
2000909,EACH,CHICKEN WINGS 5LB BAG
2000916,EACH,CHICKEN DRUMSTICKS 5LB BG
2000923,10 LB,FRYER LEG QRTS 10LB BAG
2000947,LB,JUMBO PACK SPLIT BREAST
2000954,LB,JUMBO PACK WINGS
2000961,LB,JUMBO PACK DRUMSTICKS
2000978,LB,JUMBO PACK THIGHS
2000985,EACH,MEAT DEPARTMENT
2000992,LB,MEAT DEPARTMENT
2001357,LB,GROUND TURKEY
2001500,LB,P/PRIDE BUFFALO WINGS
2001517,LB,P/PRIDE CHICKEN NUGGETS
2001524,LB,P/PRIDE CHICKEN PATTIES
2001609,LB,SUGAR LAKE CHICKEN NUGGET
2001616,LB,ARMOUR BEEF NUGGETS
2001623,LB,ARMOUR CHKN FRIED PATTIES
2001630,LB,L.RICH TURKEY NUGGETS
2001647,LB,ADV FRIED BEEF PATTIES
2001654,LB,ADV FRIED STEAK FINGERS
2001661,LB,SUGAR LAKE CHICKEN PATTIE
2001678,LB,ARM CHICKEN FRIED PATTIES
2001692,LB,ARMOUR CHICKEN NUGGETS
2001791,LB,ADVANCE STEAK FINGERS
2001807,LB,ADVANCE TURKEY NUGGETS
2001814,LB,ADVANCE CHICKEN STRIPS
2001821,LB,ADVANCE PORK PATTIES
2001838,LB,ADV BULK MEATBALLS
2001845,LB,ADVANCE BUFFALO NUGGETS
2001852,LB,ADV GRLL CHICKEN BREAST
2001890,LB,SELECTO SLICED HAM
2001999,LB,VIP POTATO PATTIES
2002651,25.00 CT,"BK/KFC STRAWS-WRAP 8.5"" 43589"
2003214,LB,SUN HOUSE SMOKRD TURKEY
2003221,8-10L,S/H CAJUN FRIED TURKEY
2003238,LB,SUN HOUSE TURKEY BREAST
2003245,LB,S/HOUSE 6/8 SMKD TURKEY
2003269,LB,SUN/HOUSE CAJUN TURKEY
2003276,LB,S/HOUSE JALAPENO TURKEY
2006000,LB,TURKEY HEN GRADE A 8-10#
2006017,LB,TURKEY HEN GR A 10-12#
2006031,LB,ARMOUR TURKEY 14-16# GR-A
2006048,LB,ARMOUR TOM 16-18#
2006062,LB,ARMOUR TURKEY HEN 12-14#
2006086,LB,TURKEY TOMS 18-20#
2006093,LB,TURKEY TOMS 20-22#
2006109,LB,TOM GR-A 22-24#
2006208,LB,BUTTERBALL 10/12#
2006215,LB,BB TURKEY 12/14#
2006222,LB,BUTTERBALL TURKEY 14-16
2006260,LB,BUTTERBALL TURKEY 16-18
2006277,LB,BUTTERBALL TURKEY 18-20
2006284,LB,BUTTERBALL TURKEY 20-22
2006291,LB,BUTTERBALL TURKEY 22-24
2006307,LB,BUTTERBALL TURKEY & GRAVY
2006345,LB,B/B BAKED HALF BREAST
2006352,LB,BB BKD HF TRKY BREAST 5-8
2006383,LB,BUTTERBALL TOM TURKEY
2006390,LB,BUTTERBALL TURKEY HEN
2006499,LB,SN HSE FULLY CKD SMK TRKY
2006505,LB,USDA GRADE A CHK/HENS 4-7
2006529,LB,PLANT SMOKED TURKEY WINGS
2006550,LB,FAMILY FRYER GIZZARDS
2006581,LB,SMOKED TURKEY DRUMSTICKS
2006598,LB,SMOKED TURKEY WINGS
2006628,LB,DUCKLING W/GIBLETS
2006666,LB,BAY BRAND DUCKSS
2006680,LB,TIP TOP CHICKEN HEN
2006697,44 OZ,CAGLE CORNISH HEN TWIN PK
2006703,LB,MAPLE LEAF DUCKLING
2006710,LB,TURKEY BREAST 4/7#
2006802,LB,L.RICH TURKEY PASTRAMI
2006819,LB,HICKORY SMOKED QTR BREAST
2006826,LB,LR SMOKED TURKEY BREAST
2006833,LB,LR SMOKED CHICKEN BREAST
2006840,LB,LR SMOKED TURKEY HAM
2006864,LB,LR BBQ CHICKEN BREAST QRT
2006871,LB,LR HONEY BREAST TURKEY
2006888,16 oz,*FOOD SCENE FLAVOR KIT
2007014,LB,BB OVEN RSTD TRKY BREAST
2007021,LB,BB HICKORY SMOKED TURKEY
2007038,LB,BB HONEY ROASTED TURKEY
2007045,LB,BAR-S MEXICAN SAUSAGE
2007052,LB,WILSON SMOKED SAUSAGE
2007090,LB,BB MESQUITE TURKEY BREAST
2007540,LB,HF MESQUITE SMKD CHICKEN
2007625,LB,EMPIRE FRYER CHKN BREAST
2007649,LB,EMPIRE ROASTER
2007663,LB,EMPIRE WHOLE FRYER
2007687,LB,EMPIRE CORNISH HEN
2007700,LB,EMPIRE TURKEY BREAST
2007724,LB,EMPIRE TURKEY 10-14#
2007748,LB,EMPIRE TURKEY
2007762,LB,EMPIRE CUTLETS
2008318,LB,CHICKEN THIGH STIR FRY
2008325,LB,BNLS BREAST TENDERIZED
2008332,LB,BNLS TENDERS TENDERIZED
2009155,LB,BUTTERBALL GROUND TURKEY
2009162,LB,FAT FREE GROUND BREAST
2009179,LB,BB HOT ITALIAN SAUSAGE
2009193,LB,BB SWT ITALIAN SAUSAGE
2009216,LB,BB FF BREAST TENDERLOIN
2009230,LB,BUTTERBALL TURKEY WINGS
2009247,LB,BUTTERBALL TURKEY DRUMS
2009254,LB,BB FF BREAST CUTLET
2009261,LB,BB FF BREAST STRIPS
2009353,LB,T.S. 100% TURKEY BREAST
2009377,LB,JO TRKY BRST BLUE RIBBON
2009384,LB,JO TRKY BRST HONEY
2009391,LB,TURKEY STORE VARIETY PK 3
2009407,LB,TURKEY STORE TURKEY
2009414,LB,T.S. BREAST TENDERLOIN
2009421,LB,T.S. RSTD TURKEY BREAST
2009438,LB,T.S.FRSH SL TURKEY BREAST
2009452,LB,JO TRKY BRST SMOKED
2009469,LB,JO TRKY HAM
2009476,LB,JO TRKY PASTRAI
2009483,LB,JO TRKY BRST HONEY MESQ
2009506,LB,T.S.ITALIAN SWT SAUSAGE
2009582,LB,T.S. ITALIAN HOT SAUSAGE
2009605,LB,TURKEY BREAST TENDER
2009612,LB,TURKEY BREAST BONELESS
2009629,LB,TURKEY BREAST BONE IN
2009636,LB,TURKEY THIGH
2009643,LB,TURKEY DRUMSTICK
2009650,LB,TURKEY WINGS
2009667,LB,TURKEY NECK
2009674,LB,TURKEY BACK
2009681,LB,TURKEY GIBLETS
2009698,LB,TURKEY CUTLETS
2009704,LB,GROUND TURKEY
2009711,LB,TURKEY TAILS
2009728,LB,SHADY BROOK TURKEY 85%
2009735,LB,SB FARM TURKEY BREAST
2009742,LB,SHADY BROOK TURKEY WINGS
2009759,LB,SHADY BROOK TURKEY DRUMS
2009766,LB,SHADY BROOK CUTLETS
2009773,LB,SHADY BROOK BREAST TNDRS
2010199,LB,CRY-0-VAC WHL SHLDR CLOD
2010281,LB,BOSTON BNLS ROLL ROAST
2010328,LB,BNLS CHUCK ROAST UNDER4LB
2010342,LB,BNLS CHUCK ROAST OVER 4LB
2010359,LB,7 BONE CHUCK STEAK
2010427,LB,BONELESS CHUCK STEAKS
2010434,LB,BNLS CHUCK STEAK VAL PACK
2010496,LB,BONELESS ARM ROAST
2010564,LB,BNLS SHOULDER STEAK
2010571,LB,SWISS SHOULDER STEAK
2010649,LB,CHUCK ROAST BLADE CUT
2010823,LB,ENGLISH ROAST BNLS CUT
2010953,LB,CHUCK ROLL ROAST BNLS
2010960,LB,CHUCK EYE STEAK BONELESS
2011158,LB,CHUCK TENDER BONELESS
2011165,LB,CHUCK TENDER STEAKS
2011172,LB,BNLS CHUCK TNDR CRY-O-VAC
2011271,LB,BONELESS SHORT RIBS
2011318,LB,BNLS SHLDER ROAST UNDER 4
2011325,LB,BNLS SHLDR ROAST OVER 4LB
2011332,LB,BNLS TEXAS BROIL STEAK
2011349,LB,TEXAS BROIL STEAK VAL PK
2011356,LB,CNTRY STYLE BEEF RIBS
2011363,LB,CNTRY BEEF RIBS VAL PAK
2011370,LB,BONELESS TOP BLADE ROAST
2011448,LB,BONELESS TOP BLADE STEAK
2011455,LB,BNLS TOP BLADE STK VAL PK
2011462,LB,BNLS TOP BLADE STEAK TEND
2011653,LB,NECK BONES
2011745,LB,BEEF LIPON RIBEYE CRY VAC
2011837,LB,BEEF SPARE RIBS VALUE PK
2011868,LB,BRAISING TIPS
2011950,LB,RIB EYE ROAST BNLS
2012032,LB,BONELESS RIB-EYE STEAK
2012049,LB,RIB EYE VALUE PAK
2012124,LB,RIB EYE STEAK THIN
2012179,LB,RIB ROAST LARGE END
2012353,LB,RIB ROAST SMALL END
2012421,LB,RIB STEAK BONE IN
2012452,LB,RIB STEAK BONELESS
2012766,LB,SIRLOIN GRILLERS COV.
2012889,LB,BEEF SIRLOIN STRP CRY VAC
2012933,LB,BEEF TENDERLOIN CRY O VAC
2012940,LB,BEEF TENDER PEELED COV
2012957,LB,BUTT TENDERS CRY O VAC
2012971,LB,BUTT TENDERLOIN PEELED
2013046,LB,TOP SIRLOIN BTT CRY O VC
2013305,LB,PORTERHOUSE STEAK
2013435,LB,PORTERHOUSE STEAK THK CUT
2013695,LB,T-BONE STEAK SINGLE
2013701,LB,T-BONE STEAK VALUE PACK
2013725,LB,T-BONE STEAK THIN
2013756,LB,T-BONE STEAK THICK CUT
2013862,LB,BONELESS TENDERLOIN ROAST
2013886,LB,BONELESS TENDERLOIN STEAK
2013909,LB,TENDERLOIN STEAK THN SLCD
2013916,LB,FILET MIGNON STEAK
2013930,LB,TENDERLOIN STEAK BCN WRAP
2013985,LB,SIRLOIN STRIP SEMIBONLES
2014043,LB,SIRLOIN STRIP STEAK BNLS
2014050,LB,SIRLOIN STRP STK BNLS THN
2014227,LB,TOP SIRLOIN BNLS STEAK
2014234,LB,TOP SIRLOIN STEAK VAL PAC
2014241,LB,TOP SIRLOIN STEAK THICK
2014296,LB,SIRLOIN GRILLER ROAST
2014302,LB,SIRLOIN GRILLER STEAK
2014463,LB,BNLS TRMED RUMP ROAST COV
2014586,LB,SIRLOIN TIP COV TRIMMED
2014609,LB,EYE OF ROUND CRY-O-VAC
2014647,LB,BOTTOM ROUND ROAST
2014661,LB,BOTTOM ROUND STEAK
2014678,LB,BOTTOM RND STK VALUE PK
2014685,LB,BOTTOM ROUND SWISS STEAK
2014739,LB,TEND BNLS BOTTOM RND STK
2014746,LB,TEND BOTTOM RND VALUE PK
2014807,LB,EYE OF ROUND ROAST
2014814,LB,EYE OF ROUND STEAK
2014821,LB,EYE OF ROUND STEAK TEND
2015019,LB,ROUND STEAK BONELESS
2015026,LB,ROUND STEAK BNLS VAL PAC
2015088,LB,ROUND STEAK TENDERIZED
2015095,LB,ROUND STEAK TEND VAL PAC
2015200,LB,BNLS RUMP ROAST UNDER 4LB
2015217,LB,BNLS RUMP ROAST OVER 4LB
2015262,LB,SIRLOIN TIP ROAST
2015279,LB,SIRLOIN TIP STEAK
2015286,LB,SIRLOIN TIP EYE STEAK
2015293,LB,TIP EYE ROAST
2015316,LB,THIN SLICED BRKFST STEAKS
2015347,LB,TEND BREAKFAST STEAKS
2015354,LB,BOTTOM SIRLOIN TIP
2015422,LB,TENDERIZED SANDWICH STEAK
2015446,LB,BEEF FONDU CUBES
2015514,LB,TOP ROUND ROAST
2015538,LB,TOP ROUND STEAK
2015545,LB,LONDON BROIL BEEF TOP RND
2015811,LB,BEEF FLANK STEAK
2015828,LB,FLANK STEAK TENDERIZED
2015873,LB,CUBED FINGER STEAK
2015996,LB,BEEF SHORT RIBS
2016009,LB,EXTRA LEAN SHORT RIBS
2016016,LB,VALUE PACK SHORT RIBS
2016078,LB,SKIRT STEAK FAJITAS
2016085,LB,FAJITAS VALUE PACK
2016092,LB,FAJITAS WHOLE CRY-O-VAK
2016108,LB,SKIRT STEAK TENDERIZED
2016115,LB,PINWHEEL SKIRT STEAK
2016122,LB,FAJITAS TEND VALUE PACK
2016153,LB,CRY-O-VAC WHOLE BRISKETS
2016160,LB,WHOLE TRIMMED BRISKET
2016191,LB,BRISKET BONELESS SPLIT
2016221,LB,BRISKET BONELESS FLAT END
2016238,LB,SLICED BRISKET
2016245,LB,BRISKET SLICED VALUE PACK
2016283,LB,TRIMMED POINT END BRISKET
2016368,LB,SHANK BONE W/MEAT ON
2016443,LB,KNUCKLE SOUP BONE
2016535,LB,GROUND BEEF 73/27
2016542,LB,GROUND BEEF VAL PK 73/27
2016559,LB,GROUND BEEF 73/27 10LB
2016566,LB,GROUND BEEF CHUB PAK
2016597,LB,GROUND BEEF 80/20
2016603,LB,GRND BF LEAN VAL PK 80/20
2016658,LB,GROUND BEEF VERY LN 90/10
2016665,LB,GROUND BEEF VERY LN 90/10
2016719,LB,DIET LEAN GRND BEEF 95/5
2016726,LB,LEAN GROUND ROUND
2016733,LB,GROUND ROUND CHAR PATTIES
2016740,LB,GROUND ROUND 10 LB
2016771,LB,GROUND BEEF PATTIES 73/27
2016801,LB,GROUND BF PATTIES VAL PK
2016894,LB,GROUND CHILI MEAT
2016948,LB,GROUND BEEF PATTIE 80/20
2016955,LB,GROUND CHUCK 80/20 10LB
2016979,LB,GROUND PATTIES  90/10
2017006,LB,CHOPPED SIRLOIN 90/10
2017020,LB,GROUND MEAT LOAF
2017099,LB,LEAN BNLS TEND CUBE STEAK
2017242,LB,K BOBS
2017273,LB,BONELESS STEW MEAT
2017280,LB,BONELESS STEW MEAT TNDRZD
2017303,LB,DIET LEAN STEW MEAT
2017310,LB,BEEF STIR FRY
2017327,LB,BEEF STIR FRY TNDRZD
2017440,LB,SWIFT GAR CORN BF BRISKET
2017464,LB,TAV CORN BEEF BRISKET
2017495,LB,SWIFT MLD CORN BF BRISKET
2017525,LB,COOKS CORNED BEEF
2017709,LB,TX MARINATED FAJITAS BEEF
2017716,LB,TX MARINATED FAJITAS CHIC
2017747,LB,BRAINS
2017778,LB,HEART
2017792,LB,BEEF KIDNEY
2017853,LB,SLICED BEEF LIVER
2017884,LB,BEEF OX TAILS
2017945,LB,TONGUE
2017976,10 LB,HONEY COMB BEEF TRIPE
2017983,LB,BEEF TRIPE
2017990,LB,HONEYCOMB TRIPE
2018058,LB,BEEF BBQ SLICED BRISKET
2018065,LB,BEEF BBQ WHOLE BRISKET
2018072,LB,PORK RIBS ST.LOUIS STYLE
2026862,LB,VEAL ROUND
2026992,LB,VEAL SIRLOIN
2027142,LB,VEAL CUTTLETS
2027166,LB,VEAL PROVIMI SCALLOPINI
2027425,LB,VEAL BONELESS STEW
2027555,LB,CALF LIVER
2029115,LB,SUPERIOR COMBO PACK LAMB
2029160,LB,LAMB ARM ROAST
2029184,LB,LAMB ARM CHOPS
2029221,LB,LAMB CHUCK SHLDR CHOPS
2029283,LB,LAMB SHOULDER ROAST
2029351,LB,SUPERIOR LAMB BLADE CHOP
2029368,LB,SUPERIOR LAMB ARM CHOP
2029375,LB,WHOLE LAMB SHOULDER
2029382,LB,LAMB CHUCK CHOPS
2029399,LB,NW ZEAL LAMB SHLDR CHOPS
2029405,LB,SUPERIOR LAMB NECK STEW
2029481,LB,LAMB RIB CHOPS
2029511,LB,SUPERIOR RIB CHOP
2029559,LB,LAMB LOIN CHOPS
2029566,LB,LAMB T BONES
2029573,LB,LAMB T-BONE NEW ZEALAND
2029627,LB,SUPERIOR LOIN CHOP
2029641,LB,LAMB LEGS
2029733,LB,LAMB LEG BONELESS
2029801,LB,LAMB LEG CENTER SLICE
2029849,LB,SUPERIOR BNLS SIRLOIN
2029948,LB,LAMB LEG NEW ZEALAND
2029955,LB,SUPERIOR SIMI BNLS LEG
2029993,LB,LAMB PATTIES
2030012,LB,GROUND LAMB
2030050,LB,LAMB RIBLETS
2030104,LB,LAMB SHANK
2030159,LB,LAMB STEW BONELESS
2030166,LB,LAMB STEW
2030180,LB,SUPERIOR FORE SHANK LAMB
2030197,LB,SUPERIOR HIND SHANK LAMB
2030203,LB,SUPERIOR LAMB BREAST
2030241,LB,LAMB KIDNEY
2031668,LB,PORK SKIN FRESH
2031682,LB,FRESH PICNICS
2031729,LB,FRESH PICNICS HALVES
2031743,LB,FRESH PICNICS CENTER SLC
2031828,LB,PORK BUTT 2-PK
2031842,LB,PORK BUTT ROAST
2031859,LB,PORK BUTT ROAST BONELESS
2031866,LB,PORK STEAK
2031873,LB,PORK STEAK VALUE PACK
2032191,LB,WHOLE PORK LOIN
2032269,LB,PORK LOIN CENTER WHL BNLS
2032344,LB,PORK CHOPS QRT LOIN ASST
2032733,LB,CENTER CUT RIB ROAST
2032757,LB,COUNTRY STYLE PORK RIBS
2032764,LB,COUNTRY RIBS VALUE PACK
2032788,LB,COUNTRY STYLE RIBS BNLS
2032818,LB,WESTERN COUNTRYPORK RIBS
2032825,LB,DANISH PORK RIBS
2032832,LB,PORK RIB END ROAST
2032856,LB,PORK CHOPS RIB END
2032863,LB,BNLS RIB END PORK ROAST
2032979,LB,CENTER CUT RIB CHOPS
2032986,LB,PORK CHOPS RIB THICK CNTR
2033105,LB,PORK CHOPS BNL BRKFST CUT
2033112,LB,BNLS PORK CHOP TENDERIZED
2033167,LB,BREAKFAST PORK CHOPS
2033228,LB,PORK CHOPS LOIN CENTERS
2033235,LB,PORK CHOPS LOIN THICK CUT
2033259,LB,BONELESS PORK CHOPS
2033266,LB,PORK LOIN ROAST BNLS
2033273,LB,BNLS PORK CHOPS BUTTERFLY
2033280,LB,PORK LOIN ENDS
2033389,LB,SIRLOIN PORK CHOPS
2033587,LB,PORK TENDERS
2033655,LB,HORMEL PORK TEND TERIYAKI
2033662,LB,HORMEL PORK TEND PEPRCORN
2033846,LB,DUBQ PORK ROAST MESQUITE
2033877,LB,FRESH HAM WHOLE
2033921,LB,FRESH HAM BUTT HALF
2033969,LB,FRESH HAM SHANK HALF
2034041,LB,FRESH HAM CENTER SLICES
2034331,LB,GROUND PORK
2034423,LB,GERLANDS FRESH SAUSAGE
2034492,LB,LA STYLE BOUDAIN HOT
2034607,LB,FRESH ITALIAN SAUSAGE
2034614,LB,FRESH ITALIAN SAUSAGE HOT
2034621,LB,HF LT/MILD ITAL SAUSAGE
2034638,LB,HILLSHIRE ITALIAN SAUSAGE
2034645,LB,HILLSHIRE ITALIAN SAUSAGE
2034652,LB,HILLSHIRE FRESH BRATWURST
2034669,LB,HILLSHIRE BRATWURST SAUS
2034713,LB,CHINESE RIBS
2034720,LB,SMALL PORK SPARERIBS
2034737,LB,PORK SPARERIB MED 2PK
2034744,LB,PORK SPARERIBS MED
2034768,LB,DANISH BABY SPARERIBS
2034782,LB,BABY BACK PORK SPARERIBS
2034812,LB,PORK STIR FRY
2034843,LB,FRESH PORK NECK BONES
2034904,LB,PORK CUTLETS
2034928,LB,TENDERIZED PORK STEAKS
2034959,LB,BONELESS PORK STEW MEAT
2034980,LB,PORK EARS
2035086,LB,FRESH PORK FEET
2035116,LB,FRESH PORK HOCKS
2035130,LB,FRESH PORK TAILS
2035192,LB,JB SMOKED SALT JOWLS
2035208,LB,SALT PORK VACUM PACKAGE
2035215,LB,B.RIBBON SALT PORK
2035246,LB,SALT JOWLS
2035376,LB,PORK FAT
2035406,LB,MAC HOT PORK CRACK
2035413,LB,MAC HOT PORK CRACK
2035451,LB,PORK MAWS
2035475,LB,FRESH PORK BRAINS
2035512,LB,FRESH PORK LIVER
2035697,LB,SMOKED PICNIC CRY-O-VAC
2035758,LB,SMOKED PICNIC HALVES
2035895,LB,SMOKED HOCKS
2035901,LB,SMOKED HOCKS
2035987,LB,BRYAN CENTER HALF HAM
2036014,LB,HORMEL SMOKED PORK LOINS
2036045,LB,BRYAN SMOKED PORK CHOPS
2036052,LB,MORRELL SMK PORK CHOPS
2036311,LB,MORRELL SMOKED PORK CHOPS
2036588,LB,BNLS BBQ BRISKET COOKED
2036595,LB,J & B CANADIAN BACON
2036687,LB,SMOKED HAM WHOLE
2036694,LB,DRY CURE SMOKED HAM
2036816,LB,BONELESS HAM CUBES
2036892,LB,SMOKED HAM BUTT HALF
2037011,LB,SMOKED HAM BUTT PORTION
2037097,LB,J & B PEPP SMKD TENDERS
2037158,LB,SMOKED HAM SHANK HALF
2037271,LB,SMOKED HAM SHANK PORTION
2037417,LB,SMOKED HAM CENTER ROAST
2037431,LB,SMOKED HAM CENTER SLICES
2037448,1-2LB,S/H HNY TURKEY HAM HALF
2037455,LB,SUNDAY HOUSE TURKEY HAM
2037462,LB,BAR-S IRREG HAM SLICES
2037479,LB,SELECTO SLICED HAM
2037486,7-9LB,H/F HONEY SPIRAL HLF HAM
2037493,LB,HF B-SUGAR HAM SHANK HALF
2037509,LB,HF B-SUGAR SPIRAL BUTT HF
2037516,LB,HF SPIRAL HF HAM SHANK
2037523,LB,HF SPIRAL BUTT HALF HAM
2037561,LB,COOKS SHANK SMOKED HAM
2037578,LB,COOKS SMOKED HAM BUTT
2037585,LB,COOKS CENTER HAM SLICE
2037608,LB,COOKS SPIRAL SLICED HAM
2037615,LB,COOKS SPIRAL HAM HALF
2037639,LB,HONEY GLAZE HAM WHOLE
2037646,LB,HONEY GLAZE HAM HALF
2038285,LB,THC TURKEY HAM
2038292,LB,TEXAS HILL CNTRY TURKEY
2038315,LB,SUN HOUSE TURKEY HAM
2038353,LB,L.RICH TURKEY HAM
2038360,LB,TAV BONELESS TURKEY HAM
2038384,LB,JENN TURKEY HAM HALF
2038391,LB,JENNIE-O TURKEY HAM
2038407,LB,JENNIE-O HONEY CURED HAM
2038476,LB,HORMEL CURE MASTER HAM
2038483,LB,HORMEL 97 SLICED TURKEY
2038490,LB,HORMEL CURE 81 8-9# HAM
2038513,LB,HORMEL CURE 81 MINI HALF
2038537,LB,HORMEL CURE 81 HAM HALF
2038551,LB,HORMEL CURE 81 MINI WHOLE
2038568,LB,BAR-S WHOLE HAMS BONELESS
2038612,LB,BRYAN HONEY GLAZED HAM
2038629,LB,BRYAN SPIRAL SLICED HAM
2038636,LB,BRYAN SPIRAL SLICED HALF
2038643,LB,BRYAN CENTER HALF HAM
2038650,LB,BRYAN CENTER WHOLE HAM
2038667,LB,RATH HAM HALF BONELESS
2038674,LB,RATH EX LEAN BNLS HAM
2038681,LB,RATH HAM WHOLE BONELESS
2038698,LB,DUBQ LEAN WHOLE HAM BNLS
2038704,LB,DUBQ HAM HALF BONELESS
2038728,LB,DUBQ MINI HAM
2038735,LB,DECKER RANCH HALF HAM
2038742,LB,DECKER COOKED BNLS HAM
2038759,LB,DECKER PREMIUM BNLS HAM
2038766,LB,DECKER PREMIUM HALF HAM
2038773,LB,FIELD WHOLE MINI HAM
2038780,LB,FIELD WHOLE HAM BONELESS
2038797,LB,FIELD HALF HAM BONELESS
2038803,LB,FIELD BAKED HAM BONELESS
2038810,LB,FIELD BNLS PORK SHOULDER
2038827,LB,ROEGELEIN BONELESS HAM
2038834,LB,TAV BONELESS HAM 95%
2038964,LB,GERLANDS SLCD SLAB BACON
2038971,LB,DQ BULK SLC SLAB BACON
2038988,LB,LIT'L PIG TRAY PK BACON
2038995,LB,SLICED BACON BULK #1
2039251,10 LB,TAV MRKT BULK BACON
2039558,LB,J-B SMOKED PORK BONE
2039565,LB,JB SMOKED PORK SQUARES
2039572,LB,JB SMOKED JOWLS VALUE PK
2039800,LB,FIELD RED FRANKS
2039817,LB,FIELD HOT RED FRANKS
2042923,,lululemon Velocity Gym Bag BLK/WHT
2043852,LB,PARADE MONT/JACK W/PEPPER
2050102,LB,PO COLBY LONGHORN CHEESE
2050140,LB,PO JALAPENO LOAF
2050164,LB,PO BLCK WAX AGED CHEDDAR
2051017,LB,KG CHEESE AMERICAN WHITE
2051048,LB,KG CHEESE AMERICAN YELLW
2051055,5 lb,KG WHOLE PC AMERICAN YELL
2051062,5 lb,KG WHL PC AMERICAN WHITE
2051079,LB,KG CHEESE BABY SWISS
2051130,LB,KG CHEESE COLBY LONGHORN
2051161,LB,KG CHEESE PROVOLONE
2051192,LB,KG CHEESE SWISS
2051208,LB,LORRAINE SWISS CHEESE
2051222,LB,LOST CREEK MUENSTER
2051277,LB,GARLIC HERB FETA CHK
2051802,9.37#,BURNS COFFEE BREAK SHPP
2052519,LB,GOUDA CW
2052526,LB,GOUDA SMOKED
2052533,LB,EDAM CW
2052540,LB,DAN C&W FONTINA
2052557,16 oz,DI ASIAGO WEDGE
2052571,LB,DIG PARMESAN WEDGE
2052755,LB,PO WISCONSIN BLOCK CHEDD
2052762,LB,PO SPLIT LONGHORN
2053004,LB,DELI DEPT
2053011,EACH,DELI DEPT
2053530,LB,DIG ROMANO WEDGE
2053905,LB,AL CHEESE MUENSTER
2053912,LB,AL CHEESE CHEDDAR
2053929,LB,AL CHEESE SWISS
2053936,LB,AL CHEESE AMERICAN
2053943,LB,AL CHEESE HOT PEPPER
2054230,5 lb,SWISS GRUYERE BULK
2054247,8 LB,SWISS EMMENTHALER RINDLES
2054254,LB,GERMAN BUTTER CHEESE CW
2054261,LB,SWISS EMMENTHALER C&W
2054278,LB,GRA C&W GRUYERE
2054285,LB,HOF C&W CHEES N BACN CHNK
2054612,LB,HOF C&W CHEES/SALAMI CHNK
2054636,LB,HOF C&W HOT PEPPER CHUNK
2054650,LB,HOF C&W SMOKEY SHARP
2054698,LB,HOF C&W SUPER SHARP
2054711,LB,HOF C&W SWISS/RYE CHUNK
2054780,LB,PO SHREDDED CHEDDAR
2055107,LB,NOR C&W JARLSBURG
2055145,LB,TIL C&W MED CHDDAR STICK
2055169,LB,TIL C&W PEPPER JACK STICK
2055305,LB,BRIE CANADIAN 1KG
2055312,LB,BRIE CANADIAN 2KG
2055350,LB,BRIE FRENCH 1KG
2055367,LB,BRIE FRENCH 2KG
2055428,LB,BABY SWISS C&W
2056104,LB,BREWSTER SWISS CUBES
2056111,LB,BREWSTER FRMRS MINI WHEEL
2056128,LB,BREWSTER HOT PEPPER CUBES
2056135,LB,BREWSTER CLBY JACK CUBES
2056142,LB,BREWSTER COLBY CUBES
2056159,LB,BREWTER CHDDR MINI WHEEL
2056166,LB,BRWSTR MONT JACK MINI WHL
2056173,LB,BRWSTR LACEY BABY WHEEL
2056180,LB,BREWSTER CHEDDAR CUBES
2056197,LB,BREWSTER MUENSTER CUBES
2056203,LB,BREWSTER SMOKED CHEDDAR
2056227,LB,BREWSTER SMKD SWSS & CHED
2056609,LB,BREWSTER MUENSTER
2056616,LB,BREWSTER MOZZARELLA
2057002,LB,BREWSTER CLBY JACK WHEEL
2057019,LB,BREWSTER COLBY WHEEL
2057033,LB,BREWSTER JALAPENO JACK
2058009,LB,BREWSTER MOZZARELLA C&W
2058016,LB,BREWSTER MUENSTER C&W
2058023,LB,BREWSTER FARMERS C&W
2058030,LB,BREWSTER COLBY JACK C&W
2058047,LB,BREWSTER CHEDDAR SHARP
2058054,LB,BREWSTER BRICK C&W
2058061,LB,BREWSTER COLBY C&W
2058078,LB,BRESTER JALP JACK C&W
2058085,LB,BREWSTER SWISS C&W
2058108,16 oz,BREWSTER SL JALAPENO JACK
2058122,16 oz,BREWSTER SLICED COLBY
2058146,16 oz,BREWSTER SLICED CHEDDAR
2060002,LB,SEAFOOD DEPT
2060019,LB,FRESH WHOLE FISH
2060040,16 oz,FLOUNDER
2060064,LB,GROUPER FILLETS
2060071,LB,GULF SNAPPER
2060125,LB,RAINBOW TROUT BONELESS
2060132,LB,"REDFISH,WHOLE"
2060156,LB,SALMON BABY COHO
2060163,LB,SALMON KING 4-6 LB
2060170,LB,SALMON NORWEGIAN 6-9 LB
2060187,LB,SALMON SILVER WHOLE
2060200,LB,SALMON STEAKS
2060217,LB,SALMON FILLETS
2060224,LB,SPECKLED TROUT
2060255,LB,GOLDEN TROUT
2060354,LB,FRESH FILLETS
2060361,LB,BOSTON SCROD COD
2060378,LB,FRESH TILAPIA FILLETS
2060385,LB,STRAWBERRY GROUPER FILET
2060392,LB,GROUPER FILLET
2060408,LB,GULF SNAPPER FILLET
2060446,LB,HADDOCK
2060453,LB,HALIBUT-FILLETS
2060521,LB,MONKFISH
2060552,LB,OCEAN PERCH
2060590,LB,BLUEFISH FILLETS POLLOCK
2060637,LB,WEST COAST SNAPPER
2060651,LB,SHARK FILLETS BNLS
2060699,LB,FLOUNDER FILLETS 4/6 OZ
2060705,LB,SOLE 4/6 OZ
2060736,LB,TUNA LOIN
2060743,LB,ATLANTIC WHITEFISH
2060781,LB,FRESH SHELLFISH
2060798,LB,CHERRYSTONE CLAMS
2060804,LB,LITTLENECK CLAMS
2060842,LB,FRESH MUSSEL MEAT
2060859,LB,CULTURED RETAIL MUSSELS
2060965,LB,BAY SCALLOPS 80/120
2060972,LB,SEA SCALLOPS 20/30
2061412,LB,FLOUNDER FILLETS FROZEN
2061665,LB,TROUT FILLETS FROZEN
2061733,LB,FRESH FISH FLOUNDER
2061917,LB,FRESH PINK SALMON
2061955,LB,SALMON STEAKS
2062228,LB,WHOLE CATFISH 16/28
2062259,LB,CATFISH FILLETS
2062266,LB,CATFISH NUGGETS
2062327,LB,MARINATED CATFISH FILLET
2062334,LB,LEMON PEP CATFISH FILLET
2062341,LB,GARLIC BTR CATFISH FILLET
2062389,LB,BREADED CATFISH NUGGETS
2063027,LB,MAHI MAHI FRESH FILLETS
2063096,LB,OCTOPUS
2063126,LB,ORANGE ROUGHY CHEM FREE
2063133,LB,OREO DORY
2063140,LB,PERCH FILLETS
2063157,LB,POLLOCK FILLETS
2063218,LB,SQUID CLEANED
2063225,LB,HALIBUT STEAKS
2063232,LB,MALIBAR SNAPPER FILLETS
2063270,LB,SWORDFISH STEAKS
2063294,LB,H&G WHITING
2063300,LB,WHITING FILLETS
2063348,LB,KING CRAB LEGS U/20
2063355,LB,SNOW CRAB CLUSTERS
2063362,LB,CRAB CLAWS MEDIUM
2063386,LB,CRAWFISH
2063393,16 oz,COOKED CRAWFISH MEAT
2063409,LB,FROG LEGS 4/6 CT
2063423,LB,LBSTR TAIL WM WTR 8/12OZ
2063447,LB,SEA STIX
2063508,LB,STUFFED CRAB 4 OZ
2063720,LB,SEA TROUT FILLET
2063744,LB,CATFISH NUGGETS
2063751,10 LB,CATFISH NUGGETS
2063836,LB,TUNA STEAK CRY-O
2063843,LB,SHARK STEAK CRY-O
2063850,LB,SALMON STEAK CRY-O
2063874,LB,CKD SALAD SHRMP 300/500CT
2063881,LB,COLOSSAL FR WTR SHRMP 6/8
2063898,LB,LARGE P&D COOKED SHRIMP
2063904,LB,PEEL/EAT CKD SHRIMP 36/40
2063911,LB,CKD SHRMP MD SHL/ON 50/70
2063928,LB,WHITE SHRIMP 16/20
2063935,LB,WHITE SHRIMP 26/30
2063942,LB,WHITE SHRIMP 36/40
2063959,LB,WHITE SHRIMP LRGE 21/25
2063966,LB,WHITE SHRIMP 51/60
2063973,LB,TX FARM RAISED SHRMP31/35
2064048,LB,KANIMI CRAB CAKES RW
2064062,LB,SCHOONER SHRMP CRUNCHIES
2064079,LB,SCHOONER BRD FISH STICKS
2064086,LB,BULK SCH FISH
2064154,LB,LIVE LOBSTER 1-1.25
2064161,LB,LIVE LOBSTER 1.25-1.50
2064178,LB,LIVE LOBSTER 2LB UP
2064208,32 oz,JOHNNY'S OYSTERS
2064307,3 oz,STUFFED CRAB
2064321,2.5 Z,WINSOR BAY STUFFED CLAMS
2064406,LB,CELLO HADDOCK FILLETS FZ
2064567,LB,CATFISH NUGGETS
2064703,LB,OCN GALLY POPCORN SHRIMP
2064765,LB,DELTA PRIDE FTFSH FILLET
2065007,LB,SEAFOOD
2065014,LB,SEAFOOD
2065908,LB,FRESH WHITE SHRIMP
2065991,LB,COOKED SHRIMP 51/60
2066004,LB,SHRIMP 16/22
2066011,LB,WHITE SHRIMP 25/35
2066028,LB,SHRIMP 31/40
2066035,LB,WHITE SHRIMP
2066042,LB,CAPE CAPENSIS FILLETS
2066059,LB,WEST COAST FLNDER FILLETS
2066066,LB,LRGE OREO DORY FILLETS
2066073,LB,SHARK STEAKS
2066080,LB,SWORDFISH STEAKS SASHIMI
2066097,LB,MAHI FILLETS
2066103,LB,HALIBUT STEAKS
2066110,LB,SCARLET SNAPPER FILLETS
2066127,LB,ORANGE ROUGHY CHEM FREE
2066134,LB,SEA BASS STEAKS
2066141,LB,IMIT CRABMEAT
2066158,LB,SNOW CRAB CLUSTERS
2066165,LB,COD FILLET
2066172,LB,NILE PERCH FILLETS
2066189,LB,SMOKED WHITEFISH CHUBS
2066196,LB,LOX BITS
2066219,LB,FRESH CATFISH NUGGETS
2066226,LB,FRSH DRESS WHITE CATFISH
2066233,LB,FRESH CATFISH FILLETS
2066240,LB,SALMON STEAKS
2066257,LB,ATLANTIC SALMON FILLETS
2066264,LB,ATLANTIC OCEAN PERCH FLL
2066271,LB,TUNA LOINS ALBACORE
2066288,LB,ROCKFISH FILLETS
2066295,LB,PACIFIC SOLE FILLETS
2066301,LB,OCEAN WHITEFISH FILLETS
2066318,LB,FRESH SHARK LOINS
2066325,LB,PACIFIC TRUE COD FILLETS
2066370,LB,WHOLE STRIPE BASS
2066387,LB,FRSH WHL ATLANTIC SALMON
2066394,LB,WHOLE GOLDEN TROUT
2066400,LB,DRESS RAINBOW TROUT
2066417,LB,WHOLE GULF FLOUNDER
2066424,LB,WHOLE LANE RED SNAPPER
2066431,LB,WHOLE SHEEPHEAD
2066448,LB,DRESSED GROUPER